name,email
Amely,Lela.Dach@hotmail.com
Laurie,Madie8@hotmail.com
Jayce,Chesley47@gmail.com
Brooklyn,Retta.Rempel@gmail.com
Hertha,Hailie_Volkman92@yahoo.com
Lue,Adelia.Schamberger@yahoo.com
Chloe,Vicenta_Bergnaum77@hotmail.com
Jeramie,Howard_Miller46@hotmail.com
Claudia,Jettie98@gmail.com
Lenora,Kylee.Donnelly40@hotmail.com
Kaylie,Jermey.Oberbrunner70@yahoo.com
Krystal,Yazmin_Waelchi@gmail.com
Jovan,Chelsey4@gmail.com
Cooper,Hertha.Mann@hotmail.com
Dedric,Blaze_Reilly56@gmail.com
Regan,Kylie.Barrows68@hotmail.com
Hudson,Efrain_Turner@yahoo.com
Dora,Alexandre_Balistreri@yahoo.com
Myah,Kathleen.Yost@hotmail.com
Nelle,Branson49@yahoo.com
Camilla,Keenan_Gerlach84@yahoo.com
Ervin,Curtis_Davis@hotmail.com
Adelia,Abbigail_Hessel42@yahoo.com
Jordi,Carey.Upton12@hotmail.com
Brielle,Santa12@hotmail.com
Ilene,Lizzie35@gmail.com
Kiley,Kiley_Dibbert@gmail.com
Ruben,Randy.Walker@yahoo.com
Vida,Estel34@hotmail.com
Garry,Chad_Romaguera@hotmail.com
Mabelle,Audra12@hotmail.com
Russell,Veronica54@gmail.com
Leta,Darlene_Robel@gmail.com
Kattie,Orlando_Trantow@gmail.com
Karine,Ramon_Reinger@yahoo.com
Marlon,Stuart.Price65@gmail.com
Letha,Annette_Hansen43@yahoo.com
Rebekah,Sabryna_Rohan15@hotmail.com
Rey,Dashawn_Romaguera22@gmail.com
Skyla,Johnpaul17@hotmail.com
Kiel,Lucius_Olson94@hotmail.com
Osbaldo,Ole.Kuhic@yahoo.com
Jedediah,Alysa54@yahoo.com
Aurelie,Neva1@yahoo.com
Cordie,Emmanuel_Kuhic4@hotmail.com
Osvaldo,Schuyler.Greenholt@yahoo.com
Brandt,Margret47@hotmail.com
Jose,Ubaldo.Brown@hotmail.com
Heber,Paxton_Keebler@hotmail.com
Brady,Aurelio.Nitzsche@hotmail.com
Jacques,Reilly_Deckow7@hotmail.com
Shany,Delaney20@hotmail.com
Carley,Douglas.Schulist67@yahoo.com
Lucas,Miguel39@hotmail.com
Reynold,Felicity.Klein25@yahoo.com
Tamara,Otilia_Hermann@yahoo.com
Shania,Ryann34@yahoo.com
Kamille,Annamae_Kreiger45@yahoo.com
Rashad,Berenice24@gmail.com
Wyatt,Rylee_Bechtelar85@yahoo.com
Lester,Alexane.Greenfelder24@hotmail.com
Camila,Vanessa3@gmail.com
Zelma,Albina.Cummerata86@hotmail.com
Melyna,Loyal11@gmail.com
Jacey,Maribel91@gmail.com
Immanuel,Grant4@yahoo.com
Mekhi,Aaliyah_Mayer@yahoo.com
Alan,Ima_Leffler@hotmail.com
Trevor,Clinton75@gmail.com
Oleta,Adrian.Keeling@yahoo.com
Josue,Llewellyn7@gmail.com
Antonina,Mckenna.Kassulke58@yahoo.com
Concepcion,Neva61@gmail.com
Yasmeen,Eusebio.Thompson@yahoo.com
Dayne,Mable_Huels@gmail.com
Elfrieda,Trycia.Boyle@hotmail.com
Zetta,Elyse.Gusikowski68@hotmail.com
Esther,Braeden.Aufderhar8@gmail.com
Gerald,Crystel_Corwin83@hotmail.com
Jayne,Berta_Eichmann60@gmail.com
Carole,Alford.Parisian81@yahoo.com
Eliseo,Waino.Rutherford80@hotmail.com
Amira,Marisa.Hegmann@hotmail.com
Jaleel,Lempi.Torp@yahoo.com
Dora,Vilma18@hotmail.com
Lilyan,Lance0@hotmail.com
Tad,Darron.OReilly24@yahoo.com
Alysa,Bart30@yahoo.com
Nola,Allison.Pfannerstill77@yahoo.com
Fritz,Mazie47@hotmail.com
Gracie,Elisabeth79@gmail.com
Arnold,Jonathan.Roberts@gmail.com
Amari,Lacey.Baumbach@gmail.com
Suzanne,Alexander86@gmail.com
Nellie,Larue.Boyer41@hotmail.com
Donnell,Coralie_Balistreri20@yahoo.com
Danyka,Vicente55@hotmail.com
Lafayette,Estell.Beier@hotmail.com
Brent,Jess_Gerhold92@yahoo.com
Devon,Roy_Thiel@yahoo.com
Ivory,Cornell30@yahoo.com
Malcolm,Bettye.Fisher@hotmail.com
Antonia,Landen.Roberts@hotmail.com
Alexis,Leon_Torp@gmail.com
Derek,August_Windler47@gmail.com
Mariah,Khalil53@hotmail.com
Kaelyn,Dorthy_Feest@hotmail.com
Odell,Luis23@yahoo.com
Karlie,Margarette.Stracke@hotmail.com
Aubree,Casimir45@yahoo.com
Jerad,Tavares.Stracke91@hotmail.com
Emmanuel,Deon_Morar@gmail.com
Marina,Clara_Little@yahoo.com
Georgette,Karianne84@hotmail.com
George,Effie6@yahoo.com
Lily,Blanche30@hotmail.com
Alisha,Gabriella_Kozey@yahoo.com
Vella,Darrel.Mayer1@yahoo.com
Dean,Jayden.Brown@gmail.com
Magnolia,Jacey78@gmail.com
Celestino,Mervin_Kling@yahoo.com
Leanne,Nikolas_Metz@gmail.com
Lula,Albina_Pfannerstill@yahoo.com
Kristian,Avis.Jacobs14@gmail.com
Annabel,Louvenia84@yahoo.com
Anastasia,Joshuah_Blanda@hotmail.com
Ari,Thalia_Braun6@yahoo.com
Caterina,Connie_Jakubowski41@hotmail.com
Sofia,Leta.Gaylord@gmail.com
Adolf,Eleonore21@gmail.com
Susie,Fatima.Parisian43@yahoo.com
Erna,Reagan_Weimann@gmail.com
Eino,Fritz_Doyle51@hotmail.com
Mittie,Thurman21@yahoo.com
Aniya,Scotty_Metz74@yahoo.com
Sigrid,Maeve14@yahoo.com
Alaina,Eve_Gleason35@hotmail.com
Laron,Cleta.Hartmann@gmail.com
Bud,Werner.Witting78@gmail.com
Carli,Joy39@yahoo.com
Cassandre,Augustine.Dickinson@gmail.com
Narciso,Lauriane.Barton@hotmail.com
Josefa,Freda44@gmail.com
Noemie,Karlie10@yahoo.com
Ronny,Verda75@yahoo.com
Kristoffer,Dewayne_Hermiston@gmail.com
Graham,Josianne.Lowe19@yahoo.com
Maximillian,Mittie_Hane44@hotmail.com
Retha,Ulices74@yahoo.com
Layla,Carmen78@yahoo.com
Herman,Lon61@yahoo.com
Steve,Earlene28@yahoo.com
Mac,Gerald.DAmore53@yahoo.com
Micheal,Mario41@yahoo.com
Shirley,Alberta_Blick@gmail.com
Hillard,Emilie.Adams@yahoo.com
Benton,Jadon_Boyer@hotmail.com
Mae,Candido45@hotmail.com
Ayana,Reba56@yahoo.com
Jennyfer,Bonnie.Hauck@hotmail.com
Hettie,Donnie.Fadel9@gmail.com
Angie,Noah_Brown@yahoo.com
Maud,Percy_Kling97@gmail.com
Madisen,Ignatius_Kshlerin37@gmail.com
Hiram,Manley_Lehner@hotmail.com
Vickie,Maryam0@hotmail.com
Wava,Kaylin.Bruen@hotmail.com
Stanley,Abagail.Rolfson@gmail.com
Viola,Dwight.Ward8@hotmail.com
Dale,Walker_Rath84@yahoo.com
Reinhold,Dean.Goyette72@hotmail.com
Luella,Floyd.Blick@hotmail.com
Nicole,Herbert82@yahoo.com
Shea,Laurel_Will@gmail.com
Scotty,Ursula.Kovacek98@yahoo.com
Enola,Izabella_Tremblay56@hotmail.com
Carmine,Dudley.Wunsch27@yahoo.com
Veda,Warren.Predovic10@hotmail.com
Tyrell,Carlie_Rosenbaum@hotmail.com
Rose,Leilani6@gmail.com
Felipe,Shea_Reilly@gmail.com
Beth,Olaf.Upton22@gmail.com
Thelma,Amya96@gmail.com
Hettie,Eula87@hotmail.com
Osbaldo,Aiden6@yahoo.com
Otis,Jackeline.Nikolaus52@hotmail.com
Odell,Jaylon39@yahoo.com
Waylon,Billie_Gaylord@hotmail.com
Lysanne,Jude.Windler@hotmail.com
Aaron,Brandt_Paucek66@yahoo.com
Marlen,Dereck.Corkery47@hotmail.com
Dixie,Geoffrey63@hotmail.com
Jasper,Vernice.Cummings@gmail.com
Nicholaus,Sean90@gmail.com
Kole,Felton.Lockman@gmail.com
Virginia,Chris.Simonis@gmail.com
Leonora,Chase.Nader@yahoo.com
Rickey,Shanna_Macejkovic28@hotmail.com
Alexander,Ursula43@hotmail.com
Ernie,Allen11@hotmail.com
Abagail,Briana_Steuber@gmail.com
Marc,Leif16@gmail.com
Florian,Jordane.Kris49@gmail.com
Kirk,Benedict.White57@gmail.com
Cicero,Fernando26@yahoo.com
Elmo,Lemuel88@hotmail.com
Winston,Willow.Stamm67@hotmail.com
Harrison,Clemens.Lakin@hotmail.com
Austyn,Cecile.Stamm81@hotmail.com
Destiney,Monte_Kub75@yahoo.com
Nichole,Winfield_Herzog10@gmail.com
Ronny,Wilson65@gmail.com
Burdette,Summer.Nolan94@gmail.com
Modesto,Richmond33@hotmail.com
Patrick,Granville_Hegmann@hotmail.com
Cheyenne,Erick98@hotmail.com
Shayna,Judson34@hotmail.com
Kathleen,Ada20@yahoo.com
River,Aiden26@yahoo.com
Johnson,Bryon_Barton@gmail.com
Noelia,Dortha_Steuber23@gmail.com
Dayton,Malcolm82@hotmail.com
Wilson,Adrianna_Rath70@gmail.com
Consuelo,Sedrick_Purdy75@hotmail.com
Laverne,Clay_Spencer70@hotmail.com
Brad,Ayden_Hessel@gmail.com
Vernice,Marietta.Beahan15@yahoo.com
Adrian,Colin_Willms@yahoo.com
Addie,Romaine19@hotmail.com
Willard,Celestino99@hotmail.com
Isac,Nolan_Ritchie@gmail.com
Mozelle,Candido.Hodkiewicz@hotmail.com
Nolan,Annabelle.Block@yahoo.com
Rowan,Koby69@hotmail.com
Noe,Gudrun_Walter@hotmail.com
Javonte,Delfina_Wilkinson53@gmail.com
Carmela,Americo_Hegmann@gmail.com
Wanda,Constantin54@hotmail.com
Shayne,Emie_Fadel49@gmail.com
Lavon,Eugene4@hotmail.com
Shannon,Amari_Muller33@gmail.com
Estevan,Maria_Bednar@yahoo.com
Gaetano,Breana61@yahoo.com
Randall,Sadye_Zieme50@gmail.com
Joel,Herminia79@hotmail.com
Baylee,Gerald19@yahoo.com
Effie,Meggie.Hoppe@yahoo.com
Bernadette,Ellis41@gmail.com
Constantin,Leonor56@hotmail.com
D'angelo,Nicolette.DuBuque87@hotmail.com
Alvis,Murray14@yahoo.com
Nathan,Delaney_Abbott89@gmail.com
Eulah,Marguerite.Leannon@gmail.com
Henriette,Kirk.Waters@hotmail.com
Hillary,Van_Corwin71@gmail.com
Taylor,Kim32@hotmail.com
Rylan,Shanna_Kutch17@hotmail.com
Dashawn,Alfonso.Fisher@yahoo.com
Alexis,Nikolas49@gmail.com
Gideon,Carlotta_Stark9@gmail.com
Marquis,Marquise.Sipes@hotmail.com
Josianne,Elisa.Homenick@yahoo.com
Gerda,Rick.Vandervort36@yahoo.com
Elenora,Lelah_Maggio15@hotmail.com
Ottis,Malvina33@yahoo.com
Earnest,Gunnar34@gmail.com
Graciela,Janis48@gmail.com
Adonis,Gabrielle13@hotmail.com
Naomi,Jadon12@gmail.com
Alfredo,Cristal_Abshire@yahoo.com
Tyrel,Ethel_Gorczany@hotmail.com
Lionel,Mohammed.Wehner@gmail.com
Cornell,George88@yahoo.com
Summer,Amely56@yahoo.com
August,Vicenta.Collier@yahoo.com
Lincoln,Marques26@gmail.com
Aniyah,Jana_Hoeger62@hotmail.com
Danielle,Billie97@gmail.com
Jena,Delores_Brakus@yahoo.com
Janiya,Tate_Williamson@gmail.com
Lacey,Zoie59@hotmail.com
Kobe,Lillie69@hotmail.com
Jorge,Willow.Doyle27@hotmail.com
Felicia,Zion.Heathcote@yahoo.com
Anika,Kenna17@gmail.com
Stanton,Logan.Mills32@hotmail.com
John,Khalid.Blick@yahoo.com
Mya,Asa30@yahoo.com
Edd,Annabelle.Carroll@gmail.com
Tracy,Devon.Hauck83@gmail.com
Alyson,Percy13@gmail.com
Jamir,Sydni.Wolff92@yahoo.com
Kaleigh,Orie18@yahoo.com
Dewayne,Vanessa.Hegmann56@gmail.com
Dominique,Brionna56@gmail.com
Nick,Angus.Muller87@hotmail.com
Delta,Dedrick_Koch44@hotmail.com
Zane,Wilhelmine33@yahoo.com
Haskell,Lillian_Boyer@hotmail.com
Rachel,Lonie_Treutel@yahoo.com
Andre,Cassie7@yahoo.com
Lucienne,Alyson_Reynolds@gmail.com
Vergie,Cornelius_Howell@gmail.com
Lizzie,Karli98@yahoo.com
Roberta,Laurence.Fay@yahoo.com
Cydney,Selena91@gmail.com
Modesto,Landen.Hintz@yahoo.com
Earl,Carley.Schneider94@gmail.com
Murray,Orpha_Orn@gmail.com
Allan,Patricia.Runolfsson@hotmail.com
Beryl,Clay1@yahoo.com
Jace,Ken9@gmail.com
Harmon,Kariane_Luettgen@hotmail.com
Rosalinda,Liliana_Schimmel@gmail.com
Giovanni,Lizeth.Larson@yahoo.com
Ken,Eliane.Kovacek83@gmail.com
Hester,Ruthie.Kling@hotmail.com
Vena,Ophelia65@yahoo.com
Scarlett,Lori_Dickens34@yahoo.com
Maeve,Constance.Abernathy@hotmail.com
Teagan,Jaquelin25@gmail.com
Caden,Luna58@yahoo.com
Stan,Julio36@yahoo.com
Georgiana,Wilfred_Barton38@hotmail.com
Mittie,Mathew_Hodkiewicz18@yahoo.com
Kaci,Elouise_Herzog@hotmail.com
Darius,Burdette_OConner62@gmail.com
Lucius,Yvette.McDermott@yahoo.com
Trace,Cleveland.Graham13@gmail.com
Alena,Cooper_Blick@hotmail.com
Rosalia,Dereck.Douglas80@hotmail.com
Marielle,Madisyn_Franecki@hotmail.com
Andre,Wilma_Pouros@gmail.com
Salma,Nora29@yahoo.com
Patsy,Boyd72@yahoo.com
Providenci,Francesca60@hotmail.com
Aimee,Gregory_Effertz56@hotmail.com
Reynold,Ruben.Parker84@hotmail.com
Celestine,Emery80@yahoo.com
Antwon,Alvah.Mueller91@hotmail.com
Leopoldo,Laura4@hotmail.com
Cletus,Emmy1@hotmail.com
Evalyn,Eldridge_Romaguera80@gmail.com
Royce,Gabrielle_Greenholt5@hotmail.com
Isabelle,Ressie71@gmail.com
Tess,Berry.DAmore5@hotmail.com
Erica,Jessie98@yahoo.com
Keyon,Rafaela.Batz@hotmail.com
Sabryna,Richmond.Hermiston@yahoo.com
Kareem,Nora_Beahan@gmail.com
Adriana,Kip_OConnell@gmail.com
Quinten,Blaze99@gmail.com
Elvie,Austin_Lehner36@hotmail.com
Betsy,Althea_Hessel86@yahoo.com
Nathen,Ray52@gmail.com
Mavis,Antwan_Zboncak58@gmail.com
Michaela,Pauline.Hodkiewicz80@yahoo.com
Axel,Annabell_Marks76@yahoo.com
Verda,Cleta.Ledner@gmail.com
Gideon,Dale.Bode48@hotmail.com
Lauretta,Jeramie.Lebsack86@yahoo.com
Michelle,Clifton_Schamberger@gmail.com
Joan,Selmer91@hotmail.com
Talon,Domenica10@hotmail.com
Camila,Aaliyah.Cremin@hotmail.com
Boyd,Manley.Ondricka@yahoo.com
Anderson,Darian61@yahoo.com
Melany,Mae.Bosco79@hotmail.com
Dax,Vern87@gmail.com
Ike,Jayme.Marks@hotmail.com
Deion,Everett87@gmail.com
Orrin,Sydnie31@yahoo.com
Amaya,Rex_Hane67@gmail.com
Dejon,Keeley_Rutherford38@hotmail.com
Jaylan,Chelsea.Harvey65@hotmail.com
Kattie,Chelsie.Wiza@yahoo.com
Luigi,Tomas26@gmail.com
Curtis,Mackenzie.Marquardt@hotmail.com
Erik,Josiane66@hotmail.com
Mable,Nasir16@yahoo.com
Tavares,Hattie30@hotmail.com
Elwin,Noemie_Stracke17@gmail.com
Alisa,Rigoberto_Gaylord@hotmail.com
Scottie,Maverick.Moen25@gmail.com
Gracie,Ward31@yahoo.com
Gretchen,Woodrow.Harber@hotmail.com
Lacy,Cecil95@hotmail.com
Araceli,Amely.Mueller49@gmail.com
Jamil,Princess54@yahoo.com
Chase,Estefania_Bergstrom@gmail.com
Cristopher,Philip64@hotmail.com
Kenyatta,Eve58@hotmail.com
Earline,Omer0@hotmail.com
Darion,Arturo_Cremin@yahoo.com
Marjory,Valentin_Mueller@hotmail.com
Maverick,Fritz37@hotmail.com
Lottie,Victoria_Fay@gmail.com
Berenice,Abner0@hotmail.com
Owen,Brannon.Kilback4@yahoo.com
Triston,Elda.Parker@yahoo.com
Brice,Jules.Keebler@hotmail.com
Skye,Jayce_Cassin4@hotmail.com
Henry,Danika.Heller@yahoo.com
Thelma,Murl0@gmail.com
Hester,Jairo.Braun94@yahoo.com
Calista,Colby_Walter@yahoo.com
Elenor,Janae.Satterfield21@hotmail.com
Nicklaus,Bert92@gmail.com
Manley,Imani17@hotmail.com
Dee,Jody_Dare92@hotmail.com
Drake,Manley_White37@gmail.com
Rickey,Kavon19@gmail.com
Chaya,Virginia50@gmail.com
Angelo,Abdullah70@gmail.com
Osbaldo,Angeline90@yahoo.com
Liana,Kathleen_VonRueden@hotmail.com
Marjorie,Antonetta_Nader@hotmail.com
Maryjane,Nigel64@gmail.com
Orrin,Connie82@gmail.com
Hank,Jacques.Schmidt@hotmail.com
Aleen,Nyasia_Huel53@gmail.com
Pansy,Dora_Leffler@yahoo.com
Rosetta,Nolan53@gmail.com
Garry,Nash_Hermiston95@yahoo.com
Sibyl,Devon.White1@hotmail.com
Keshaun,Lisa.Harvey82@yahoo.com
Liam,Green_Schamberger@hotmail.com
Sandy,Mylene66@gmail.com
Kailee,Donny55@yahoo.com
Damon,Brian_Daniel@yahoo.com
Ora,Madonna93@yahoo.com
Brice,Buddy50@gmail.com
Tomasa,Melvin.Russel63@hotmail.com
Marisol,Emmalee.Stehr44@yahoo.com
Albin,Damien_McClure83@hotmail.com
Braulio,Ryder_Mraz24@yahoo.com
Shawn,Estell_Klocko@hotmail.com
Jerrod,Jennie.Frami@gmail.com
Virginia,Dorris56@hotmail.com
Guillermo,Lamont61@yahoo.com
Kaylin,Jesus5@hotmail.com
Fleta,Daisy.OHara@yahoo.com
Branson,Hildegard31@yahoo.com
Korey,Odell_Blanda54@hotmail.com
Cortez,Antwon_Pollich@yahoo.com
Lavonne,Lawrence69@yahoo.com
Katharina,Meda_Boyle@yahoo.com
Michel,Ali_Hickle@gmail.com
Gage,Juliet_Beatty44@hotmail.com
Retta,Itzel.Gottlieb@hotmail.com
Jalon,Fritz6@yahoo.com
Margarete,Orville.Runte18@yahoo.com
Jarret,Freida_Friesen26@gmail.com
Landen,Calista49@gmail.com
Marisol,Annabel.Kassulke27@hotmail.com
Braulio,Nathanael_Murazik96@hotmail.com
Axel,Marilyne2@gmail.com
Gay,Julie20@yahoo.com
Ignatius,Elinore_Cummings@hotmail.com
Derek,Salma52@hotmail.com
Ole,Luigi82@yahoo.com
Alisa,Darrick.Pollich@gmail.com
Brett,Darien86@yahoo.com
Kathryn,Dino_Pouros65@yahoo.com
Leone,Joesph_Marks95@yahoo.com
Gretchen,Marcelo96@yahoo.com
Floyd,Wava33@hotmail.com
Henry,Reta_Reynolds@yahoo.com
Barry,Mckenzie89@yahoo.com
Carter,Alana40@hotmail.com
Destinee,Veronica.Mayer25@yahoo.com
Maurice,Gene_OConnell@hotmail.com
Rhiannon,Jonatan.Streich37@gmail.com
Jettie,Piper.Olson@yahoo.com
Otilia,Chauncey.Brakus@hotmail.com
Jasen,Larissa_Sipes@yahoo.com
Drake,Myrl_Oberbrunner@hotmail.com
Meghan,Erika80@gmail.com
Annette,Gerhard92@hotmail.com
Robyn,Gunner.Schimmel@yahoo.com
Destini,Santiago.Abshire@gmail.com
Onie,Hollie.Shields90@yahoo.com
Dena,Nash_Kling@gmail.com
Guiseppe,Donna_Yundt@hotmail.com
Palma,Garry43@gmail.com
Vella,Zechariah.Casper78@gmail.com
Halle,Leonor.Schulist19@gmail.com
Evert,Dudley4@hotmail.com
Brain,Katheryn.Schmeler32@gmail.com
Mariane,Antonio.Bernhard@gmail.com
Alivia,Abby.Grimes61@gmail.com
Liliana,Clint84@hotmail.com
Effie,Norberto.Schiller32@gmail.com
Emil,Reggie.Pacocha@gmail.com
Dayna,Hyman_Davis74@hotmail.com
Madisyn,Lafayette.Ratke86@gmail.com
Gail,Vernie_Ryan60@gmail.com
Destinee,Magnolia11@yahoo.com
Maxwell,Wava_Pollich65@yahoo.com
Lea,Freeman.Stehr50@yahoo.com
Aaron,Piper.Ebert33@hotmail.com
Werner,Hillary73@hotmail.com
Jane,Lupe45@hotmail.com
Angus,Dion.Kerluke@hotmail.com
Cleo,Arianna_Klocko6@hotmail.com
Aurelio,Esmeralda54@gmail.com
Kira,Felton.Okuneva@gmail.com
Madisen,Merl.OKeefe@hotmail.com
Shaun,Barry.Sipes96@yahoo.com
Nico,Efrain76@hotmail.com
Roberta,Skyla.Emard@yahoo.com
Brisa,Santa21@hotmail.com
Sarai,Don5@gmail.com
Bette,Caden_Gerlach@gmail.com
Thurman,Jaylin.Grimes90@hotmail.com
Viva,Thurman_OConner64@yahoo.com
Haleigh,Jordi_Pfannerstill@hotmail.com
Ferne,Joyce_Kub97@gmail.com
Ofelia,Rozella_Kerluke8@hotmail.com
Claudine,Roma_Hand@gmail.com
Yazmin,Hilario_Pollich12@hotmail.com
Dakota,Robert.Huel@gmail.com
Blanca,Derick_Upton@hotmail.com
Anabelle,Sandrine_Senger99@hotmail.com
Brayan,Gracie.McCullough58@gmail.com
Nikita,Daija_Kautzer@gmail.com
Anabel,Sophia80@yahoo.com
Annabelle,Scarlett22@hotmail.com
Alisa,Dameon_Kulas@yahoo.com
Elyse,Vivienne.Kling47@gmail.com
Marty,Lila_Grady97@hotmail.com
Aidan,Junius.Parisian@yahoo.com
Maurice,Malinda.Stoltenberg@hotmail.com
Lyla,Jewell61@hotmail.com
Casimir,Mustafa.Bergnaum@hotmail.com
Jermey,Andreane26@hotmail.com
Sarah,Laney_Heaney@gmail.com
Mabel,Serenity7@yahoo.com
Jonathan,Andrew58@hotmail.com
Angelica,Retta_Welch@gmail.com
Madaline,Lenore70@yahoo.com
Emelia,Colten_Hermiston@hotmail.com
Providenci,Deon_Casper@hotmail.com
Cruz,Tyreek.Mann18@gmail.com
Erwin,Earline6@yahoo.com
David,Halie_Prohaska59@hotmail.com
Edd,Kendra26@gmail.com
Elouise,Jazlyn_Schumm@hotmail.com
Khalil,Nicklaus_Dietrich34@gmail.com
Trystan,Samir.Block3@yahoo.com
Marcos,Cullen_Mertz70@yahoo.com
Jacinthe,Skyla.Hansen35@yahoo.com
Haskell,Vince_Hane@yahoo.com
Frances,Travis_Huels@gmail.com
Elenora,Pearl91@hotmail.com
Ross,Alexandro.Hamill@hotmail.com
Audie,Marcella9@yahoo.com
Genoveva,Ilene.Parisian6@gmail.com
Esther,Bailey.Bode@yahoo.com
Karianne,Daphnee_Considine26@gmail.com
Gerard,Daisha_Morar@yahoo.com
Danielle,Tyrell.Conn@yahoo.com
Otis,Ernestina33@gmail.com
Juliet,Dylan.Bogisich@yahoo.com
Pietro,Alexander_Cremin32@gmail.com
Akeem,Kenton.Morissette2@hotmail.com
Angie,John.Krajcik@hotmail.com
Dolores,Kattie.OConner53@hotmail.com
Raegan,Louvenia91@gmail.com
William,Lilliana10@yahoo.com
Emanuel,Lavon1@yahoo.com
Benton,Mallie.Crooks@gmail.com
Kacie,Owen.Turcotte@hotmail.com
Rory,Immanuel.Kuphal94@yahoo.com
Josh,Marcus.Carroll@yahoo.com
Retha,Jaclyn_Cassin55@hotmail.com
Jennyfer,Hector.Deckow@yahoo.com
Raul,Bennett22@gmail.com
Laney,Arno_Schamberger@hotmail.com
Casper,Bonita.Moen89@yahoo.com
Briana,Bertha53@gmail.com
Ellie,Laverna50@hotmail.com
Missouri,Friedrich_Doyle50@hotmail.com
Raleigh,Deborah.Cormier59@yahoo.com
Derick,Irma.Sawayn47@yahoo.com
Alexandrine,Jose_Roberts@yahoo.com
Abby,Mario27@yahoo.com
Ardith,Willy_Dach@hotmail.com
Devonte,Giuseppe_Pfannerstill@yahoo.com
Granville,Nona_Jakubowski@hotmail.com
Lillian,Vida29@gmail.com
Trycia,Henry.Labadie@yahoo.com
Kaitlyn,Afton.Quitzon@yahoo.com
Beaulah,Amparo_Bechtelar@gmail.com
Lucile,Ludwig34@hotmail.com
Mossie,Lavinia72@gmail.com
Aiyana,Birdie.Ledner@gmail.com
Lonnie,Kaylie42@yahoo.com
Tracy,Ryann.Nienow22@yahoo.com
Gay,Dave_Stroman@yahoo.com
Gaston,Lurline.Denesik89@gmail.com
Raegan,Stephanie32@gmail.com
Arlene,Emily_Leannon@yahoo.com
Kelvin,Greta36@yahoo.com
Moises,Brody30@hotmail.com
Joana,Murl85@yahoo.com
Jordan,Pauline14@hotmail.com
D'angelo,Octavia.Hammes52@gmail.com
Katheryn,Tiana_Stark@gmail.com
Alverta,Andre_Feest47@yahoo.com
Isac,Rollin_Larkin@yahoo.com
Karlee,Bradley_Metz85@gmail.com
Fabian,Beatrice.Considine@yahoo.com
Dejuan,Judd_Beatty@hotmail.com
Eda,Vicenta99@gmail.com
Cali,Tressie71@hotmail.com
Neha,Allie88@yahoo.com
Ramon,Laura71@gmail.com
Tom,Norwood_Will@hotmail.com
Abner,Jesus86@yahoo.com
Amya,Javier6@yahoo.com
Gino,Raymond_Swift@gmail.com
Westley,Maida_Okuneva@yahoo.com
Adah,Cleveland_Volkman@gmail.com
Francisco,Monte39@yahoo.com
Berenice,Virgie45@gmail.com
Allan,Manley.Ernser@gmail.com
Edmund,Rogelio58@hotmail.com
Giuseppe,Clifford_Treutel@yahoo.com
Dylan,Myrtie_Harvey@yahoo.com
Giovanni,Coby.Parker90@yahoo.com
Breana,Salma.Botsford28@hotmail.com
Nestor,Cecile7@gmail.com
Salvatore,Orion.Willms56@gmail.com
Wilber,Greta76@hotmail.com
Lulu,Alfreda9@hotmail.com
Ara,Jaylon.Cartwright@gmail.com
Cordelia,Opal52@gmail.com
Quinn,Salvatore_Johnston56@yahoo.com
Esmeralda,Jerrell93@yahoo.com
Randall,Haley_Bechtelar@hotmail.com
Vaughn,Isabell4@hotmail.com
Gabriella,Vinnie8@yahoo.com
Kim,Alison_Dibbert6@yahoo.com
Colby,Makenna97@gmail.com
Jermaine,Webster.Zieme98@hotmail.com
Aimee,Magali.Jacobi55@yahoo.com
Myah,Trevor_Mohr38@yahoo.com
Anthony,Zakary.Ritchie@yahoo.com
Vern,Willis41@hotmail.com
Emiliano,Katelyn.Mueller@gmail.com
Neoma,Alek.Robel80@hotmail.com
Rylan,Winona_Reinger50@gmail.com
Noe,Tremayne_Block@hotmail.com
Lucienne,Brian32@yahoo.com
Rubie,Stanley_Trantow38@hotmail.com
Lavada,Keith45@hotmail.com
Myrtice,Gardner9@gmail.com
Korbin,Solon_Mills50@hotmail.com
Damian,Concepcion_Roob11@gmail.com
Stanford,Sedrick_Dibbert94@yahoo.com
Nikolas,Mikayla74@hotmail.com
Princess,Kari.Homenick@yahoo.com
Seth,Dave5@hotmail.com
Keven,Riley.Halvorson79@yahoo.com
Kallie,Kristy2@gmail.com
Lennie,Frances_Ward7@gmail.com
Deontae,Aurore.Schneider@yahoo.com
Marcelino,Gerald_Nikolaus48@yahoo.com
Magali,Sylvan36@hotmail.com
Herta,Buddy.Metz@hotmail.com
Sister,Joe_Wintheiser@gmail.com
Aurelia,Robb.Heller@yahoo.com
Leone,Rosendo.Flatley@yahoo.com
Maximo,Eloisa_Upton@hotmail.com
Margarett,Jasen69@gmail.com
Vern,Stuart19@gmail.com
Cheyenne,Devon47@hotmail.com
Alfred,Leopoldo48@yahoo.com
Wilbert,Belle.Schroeder90@gmail.com
Jared,Adriel_Breitenberg48@hotmail.com
Sarai,Remington_Ebert61@gmail.com
Antone,Dariana_Wunsch32@yahoo.com
Esther,Kennedy_Schuster44@gmail.com
Alfonzo,Ivah_Ward57@yahoo.com
Jeremy,Maymie38@hotmail.com
Douglas,Emile48@yahoo.com
Cyrus,Tony78@yahoo.com
Ransom,Kenton40@gmail.com
Thalia,Valentin95@hotmail.com
Hilton,Sigrid_Upton61@gmail.com
Keeley,Phoebe86@hotmail.com
Waino,Adrianna.Nitzsche@gmail.com
Imogene,Dolores64@hotmail.com
Albina,Eda10@yahoo.com
Ernie,Collin91@gmail.com
Declan,Julianne.Terry@gmail.com
Alisa,Eileen.Leffler@hotmail.com
Janie,Darby24@hotmail.com
Orval,Eliseo29@hotmail.com
Suzanne,Diego_Gutkowski32@gmail.com
Floy,Mario.Schmitt@gmail.com
Liam,Rylan.Kuhn84@gmail.com
Devon,Kelsi.Wisozk24@hotmail.com
Alexandra,Charles.West@yahoo.com
Franz,Dock8@yahoo.com
Stefan,Frances92@gmail.com
Harley,Alberto.King31@gmail.com
Rozella,Malvina.Monahan76@hotmail.com
Cristobal,Zane30@yahoo.com
Jamaal,Viva67@gmail.com
Everardo,Zackery29@hotmail.com
Cullen,Meda.Metz@hotmail.com
Filiberto,Ernestine.Wisoky26@yahoo.com
Bettye,Kale_Purdy46@hotmail.com
Nyasia,Jarrett31@hotmail.com
Efren,Ludwig_Little@yahoo.com
Isobel,Maudie.Hoppe@gmail.com
Jett,Raquel_Cartwright@yahoo.com
Bradford,Blanche.Kub@hotmail.com
Rickie,Vernie.Wiegand6@gmail.com
Kitty,Magdalena_Langosh@hotmail.com
Isobel,Bradford43@hotmail.com
Shaniya,Camylle22@hotmail.com
Braden,Marielle.Bechtelar@gmail.com
Clair,Mallory25@gmail.com
Abelardo,Judah_Roob67@yahoo.com
Alex,Destany_Hamill35@yahoo.com
Julien,Mayra.Volkman@yahoo.com
Lucas,Brooklyn82@yahoo.com
Aleen,Kiley_Dibbert@yahoo.com
Orval,Lourdes.Ebert@gmail.com
Addie,Sven_Champlin@hotmail.com
Bryana,Johnathon_Cremin15@hotmail.com
Jessie,Betsy_Pfeffer@gmail.com
Jarod,Rickey0@yahoo.com
Jacklyn,Angeline_Cummerata@yahoo.com
Harmon,Javonte.Stroman@yahoo.com
Francisca,Erika_Farrell@yahoo.com
Elda,Vito_Nikolaus@gmail.com
Enrico,Zackary12@yahoo.com
Amira,Savanah_Pfeffer69@hotmail.com
Kyra,Bailee97@hotmail.com
Kristofer,Narciso28@yahoo.com
Milford,Delfina_Marks@gmail.com
Sherman,Emilie_Macejkovic15@gmail.com
Mariane,Fern.Erdman@yahoo.com
Fern,Marc_Feil@hotmail.com
Jerrell,Alexandria_Reichel93@gmail.com
Helga,Mervin_Koss@gmail.com
Alison,Bettie48@yahoo.com
Keshawn,Emilie_Feest@hotmail.com
Wilma,Gilbert98@yahoo.com
Anissa,Raven_Rice@hotmail.com
Marquise,Ernie99@hotmail.com
Maurine,Autumn_Graham@gmail.com
Jeffry,Kristina_Brekke@hotmail.com
Reina,Terrell_Stoltenberg74@gmail.com
Arlie,Rylan32@hotmail.com
Dudley,Shanelle.Zulauf@gmail.com
German,Eve.Turner@yahoo.com
Emmitt,Casimir_Heathcote@yahoo.com
Rosemarie,Brock2@gmail.com
Cheyenne,Pinkie.Hartmann4@hotmail.com
Viola,Jesse_Dare36@hotmail.com
Taurean,Santino.Rice@hotmail.com
Shaniya,Fern_Halvorson@yahoo.com
Katelin,Jermey_Paucek83@gmail.com
Eulah,Kory_Hoppe@hotmail.com
Ardella,Derek88@hotmail.com
Susana,Shyann19@gmail.com
Shyanne,Julius_Weber@gmail.com
Nathanael,Loraine94@hotmail.com
Duane,Patsy_Conroy63@hotmail.com
Madeline,Esperanza_Treutel84@hotmail.com
Trevor,Alia_Vandervort@yahoo.com
Carlee,Mateo_Kulas58@yahoo.com
Helen,Niko.Swaniawski@yahoo.com
Constantin,Myriam41@yahoo.com
Therese,Fannie.Deckow@yahoo.com
Lacy,Elza.Wolff72@gmail.com
Kayla,Elaina25@gmail.com
Isabelle,Oswald_Wiza85@hotmail.com
Brianne,Gage.Hahn93@gmail.com
Virgie,Bailee_Hilll68@gmail.com
Llewellyn,Sammie_Boehm@yahoo.com
Euna,Greta_Murray@gmail.com
Jeramy,Vicente.Jast43@hotmail.com
Davin,Betsy65@yahoo.com
Cristopher,Shanie32@gmail.com
Lillie,Blanca.Marvin@hotmail.com
Joshuah,Meaghan26@yahoo.com
Romaine,Vada_Langworth40@gmail.com
Myrna,Ulices.Dietrich@gmail.com
Ottis,Susana.Bartell@hotmail.com
Maxwell,Weldon.Boyle34@hotmail.com
Brandyn,Berniece_Stroman@gmail.com
Emmet,Jewel_Kub82@yahoo.com
Elias,Raoul32@hotmail.com
Rudy,Dorothea.Hauck@gmail.com
Florine,Meggie36@gmail.com
Heloise,Cristobal.OKeefe57@gmail.com
Asha,Samara18@gmail.com
Muriel,Mark_Heaney58@hotmail.com
Gerhard,Ebony_Weimann59@hotmail.com
Dahlia,Sincere42@hotmail.com
Sheldon,Sierra.Shanahan@gmail.com
Clyde,Candelario.Kihn21@hotmail.com
Brianne,Melody.Daniel3@gmail.com
Fern,Edd_Dicki80@yahoo.com
Tiara,Desmond53@hotmail.com
Trystan,Skye.Ferry26@gmail.com
Jasmin,Brisa96@yahoo.com
Delia,Erling.Jacobs@gmail.com
Newton,Lora_Cassin@gmail.com
Novella,Marc.Zulauf59@gmail.com
Trinity,Eunice_Rohan67@gmail.com
Kiana,Gussie_Reichert@gmail.com
Ronaldo,Brenda.Lindgren@hotmail.com
Omer,Heber.Brakus@hotmail.com
Odell,Gaylord.Hartmann@hotmail.com
Nellie,Sarina45@hotmail.com
Laila,Mitchell27@yahoo.com
Meredith,Buford.Powlowski23@hotmail.com
Tomas,Hudson_Wolff21@gmail.com
Clement,Nels.Hackett@hotmail.com
Carlotta,Rhett.Feil14@hotmail.com
Damian,Madaline70@hotmail.com
Israel,Cletus.Nader@yahoo.com
Taurean,Jerrell.Skiles73@gmail.com
Geovanni,Makenzie_Baumbach@gmail.com
Gayle,Destini.Jast@yahoo.com
Kennedy,Waino_Daniel@gmail.com
Cora,Tia74@hotmail.com
Gerhard,Jennings54@yahoo.com
Santa,Oral.Bosco@gmail.com
Dell,Jaquelin_Sauer37@gmail.com
Samir,Willa.Bode36@yahoo.com
Sallie,Alice38@gmail.com
Janelle,Ismael.Schneider47@yahoo.com
Ona,Katheryn31@yahoo.com
Forest,Kiara.Boehm92@hotmail.com
Timmothy,Aimee_Crooks6@hotmail.com
Kassandra,Nichole.Prohaska24@yahoo.com
Pattie,Foster43@yahoo.com
Annalise,Drew.Sipes61@gmail.com
August,Elijah.Little@gmail.com
Lucie,Lea.Hyatt@hotmail.com
Raymundo,Rashad_Lindgren@gmail.com
Kathleen,Willie.Kshlerin@hotmail.com
Kyle,Eunice.Von88@yahoo.com
Eliezer,Jeffry59@yahoo.com
Ryan,Moshe.Langosh75@yahoo.com
Hans,Esther_Kozey@hotmail.com
Antone,Cayla.Johnston8@yahoo.com
Shanie,Kayleigh2@hotmail.com
Donald,Timothy17@yahoo.com
Savannah,Trevor31@gmail.com
Dalton,Nicole_Hilpert@hotmail.com
Aurelie,Pansy25@gmail.com
Raven,Mario16@hotmail.com
Ida,Cordelia75@hotmail.com
Darrin,Bernadine72@gmail.com
Jayne,Keyshawn_Bode33@hotmail.com
Aron,Maximillian.OConnell61@hotmail.com
Ashly,Bonnie92@gmail.com
Hassan,Lilly_Cartwright16@yahoo.com
Jake,Lukas52@yahoo.com
Dustin,Karianne.Nikolaus75@hotmail.com
Icie,Colton.Halvorson@yahoo.com
Rolando,Noemie_Kilback6@gmail.com
Nina,Terrance_Renner@hotmail.com
Jalen,Margarette.Ernser82@yahoo.com
Dedrick,Colby70@gmail.com
Keenan,Reggie_Lind62@gmail.com
Cheyanne,Cierra72@gmail.com
Ora,Kathryne_Schmidt53@hotmail.com
Felicia,Juwan.Carter@gmail.com
Milford,Cara_Zieme@yahoo.com
Jerry,Kyler79@yahoo.com
Emmet,Asia56@yahoo.com
Connie,Brandi.Rohan68@hotmail.com
Denis,Rey.Green0@yahoo.com
Yasmin,Rahul21@gmail.com
Nia,Layla.Ryan45@hotmail.com
Grant,Harrison.VonRueden@hotmail.com
Gwendolyn,Roy.Dooley4@gmail.com
Eve,Gerson7@hotmail.com
Karelle,Cassandra.Koelpin27@yahoo.com
Margaretta,Carol.Kessler@hotmail.com
Kip,Dario_Bashirian@hotmail.com
Amie,Cortez6@gmail.com
Araceli,Mandy.Murphy@hotmail.com
Ernestina,Eileen56@gmail.com
Kimberly,Queenie.White48@gmail.com
Cameron,Kolby52@gmail.com
Julie,Niko_Shields20@hotmail.com
Kavon,Josefina90@hotmail.com
Braxton,Brendon_Balistreri@yahoo.com
Reta,Valentin.Witting56@hotmail.com
Norma,Saige77@hotmail.com
Rodger,Carmella.Reilly50@gmail.com
Lola,Lorena95@hotmail.com
Cordell,Elise_Stokes@yahoo.com
Jacquelyn,Mark.Schmidt57@yahoo.com
Jessika,Ottilie.Cremin2@hotmail.com
John,Beaulah_Keeling@hotmail.com
Paolo,Richie_Mayer70@hotmail.com
Austyn,Houston39@yahoo.com
Tyrell,Vivian_Herzog44@gmail.com
Newell,Lucinda.Bosco20@hotmail.com
Alena,May.Hartmann@hotmail.com
Wyatt,Keira.Runte@yahoo.com
Pietro,Aurore4@hotmail.com
Nelle,Jefferey_Ortiz@gmail.com
Clay,Deron57@yahoo.com
Jace,Mya.Schmidt41@yahoo.com
Guadalupe,Pedro.Pfeffer89@yahoo.com
Horace,Leland.Doyle@yahoo.com
Axel,Xavier25@yahoo.com
Norval,Mac.Ward@hotmail.com
Roberta,Thalia31@gmail.com
Baby,Minnie65@gmail.com
Myron,Abbie.Haley@hotmail.com
Rocky,Ines.Brekke49@hotmail.com
Ben,Garrett88@yahoo.com
Lucas,Jackson35@gmail.com
Sunny,Anais_Moore18@gmail.com
Gabriel,Adah.Langosh96@yahoo.com
Eryn,Molly_Dicki@yahoo.com
Addie,Wilford_Brown49@yahoo.com
Clark,Ibrahim.Krajcik@gmail.com
Maudie,Berta.Schuppe@hotmail.com
Ismael,Kacey54@yahoo.com
Sabryna,Cloyd_Herzog38@yahoo.com
Jayne,Nicholaus_Mosciski22@yahoo.com
Fern,Beulah56@hotmail.com
Kayleigh,Kelton5@yahoo.com
Yadira,Odie.Hickle@gmail.com
Elvera,Josiah.Auer@yahoo.com
Alvena,Deshawn_Cartwright16@yahoo.com
Casper,Florence97@gmail.com
Hershel,Kole.Cassin33@hotmail.com
Carolina,Joshua_Aufderhar@hotmail.com
Euna,Johnathon.Corwin@gmail.com
Bud,Katelyn52@gmail.com
Johann,Jammie12@hotmail.com
Stella,Hilton0@yahoo.com
Rosella,Kaitlin_Schumm4@hotmail.com
Eloisa,Leopoldo81@gmail.com
Holden,Patrick.Barton@yahoo.com
Selena,Jeramie.Baumbach@gmail.com
Rodrick,Ramiro.McDermott72@gmail.com
Keaton,Corrine.Emmerich25@yahoo.com
Karl,Kailyn.Kshlerin54@hotmail.com
Ned,Zetta_Roberts@hotmail.com
Malcolm,Braeden_Auer@hotmail.com
Efrain,Noelia_Koepp66@hotmail.com
Bernie,Oswald_Cremin0@hotmail.com
Fredrick,Randi_Ortiz@yahoo.com
Omer,Rod51@gmail.com
Cleve,Esther_Maggio74@hotmail.com
Ray,Cyrus_Konopelski@yahoo.com
Larry,Betty82@gmail.com
Nash,Maritza.Schamberger61@yahoo.com
Bertrand,Assunta.Heidenreich96@yahoo.com
Ardella,Marjory36@hotmail.com
Darrick,Holden.Sporer@gmail.com
Margot,Gisselle_Ortiz@yahoo.com
Hank,Roger.Wyman@gmail.com
Fannie,Elvis29@gmail.com
Bethany,Judge_Ritchie85@yahoo.com
Devon,Pattie_White@hotmail.com
Brown,Name.McDermott91@gmail.com
Anastasia,Gabe.Zboncak70@gmail.com
Chaz,Antonette_Schneider46@hotmail.com
Desmond,Maxie.Glover3@hotmail.com
Terrence,Tressa_Boyer@gmail.com
Aubrey,Aryanna.Treutel@gmail.com
Jeffry,Emelie74@gmail.com
Brooklyn,Deontae.Gerlach24@hotmail.com
Scottie,Celestine.Kirlin@yahoo.com
Kris,Efrain.Torp@yahoo.com
Thurman,Jessy41@gmail.com
Lia,Robb30@gmail.com
Daphne,Jaylen11@gmail.com
Keenan,Dandre_Mitchell76@yahoo.com
Ericka,Trace.Homenick@hotmail.com
Abbie,Elouise_Wisozk90@hotmail.com
Lyric,Crawford.Lemke92@yahoo.com
Isai,Ewald63@yahoo.com
Dannie,Emelia_Rodriguez@gmail.com
Isabell,Savion.Torphy@yahoo.com
Hal,Sandrine36@gmail.com
Jermey,Waldo_Hessel@gmail.com
Christian,Yessenia_Haag@hotmail.com
Liza,Lorine_Blick39@hotmail.com
Allie,Tillman95@yahoo.com
Lucy,Christ6@hotmail.com
Olin,Jalen_Smitham@hotmail.com
